Date,Close,High,Low,Open,Volume,MA_10,MA_50,EMA_10,EMA_50,RSI
2024-07-16,446.0997924804687,450.84342238707205,443.26156747821994,450.764044396858,17175700,,,446.0997924804687,446.0997924804687,
2024-07-17,440.1454162597656,441.46531376189114,435.8384412822571,439.22249954002416,21778000,,,445.017178622159,445.86628753063724,
2024-07-18,437.0193786621094,441.2668124744543,431.0948010273652,440.95917357547034,20794800,,,443.5630331748772,445.51934992794986,
2024-07-19,433.7841796875,437.7835460054657,428.7130742947466,429.80471086507333,20940400,,,441.7850598135359,445.05914717342245,
2024-07-22,439.5698547363281,441.2172281155517,435.5705185548157,438.4286106688719,15808800,,,441.3822952540435,444.8438808033403,
2024-07-23,441.4653015136719,444.9783753997072,439.7286166377608,440.5225176097392,13107100,,,441.39738730124867,444.71138749786314,
2024-07-24,425.63665771484375,438.1209582611595,424.3366274271562,437.0987963490377,26805800,,,438.53180010372046,443.9633588789212,
2024-07-25,415.216552734375,426.5298085564155,414.3333401430881,425.5374171635106,29943800,,,434.2926642183849,442.8360331477626,
2024-07-26,422.0342712402344,425.6565240052853,414.0951402007918,415.0180872010169,23583800,,,432.06386549508477,442.0202777788399,
2024-07-29,423.4831848144531,428.86192913835873,421.4686315229256,428.29625878283395,15125800,432.445458984375,,430.5037417349699,441.2933329567071,
2024-07-30,419.7021789550781,425.7855127211385,414.18445497765873,424.4656455012434,32687600,429.8056976318359,,428.539821229535,440.4466210350746,
2024-07-31,415.1669616699219,418.57085701348217,409.0736637399348,417.3005971918285,42891400,427.30785217285154,,426.1083922186962,439.4552618442843,
2024-08-01,413.9363708496094,424.20762810841023,409.9469682421122,417.58839429378,30296400,424.9995513916016,,423.89529742431677,438.4545210209637,
2024-08-02,405.3819274902344,411.8424047843173,401.2635094994672,409.35149283755305,29437900,422.159326171875,,420.5292301635745,437.1575565687782,21.96255770899748
2024-08-05,392.1434326171875,397.9886321568055,382.6462402085907,386.20895177644206,40709200,417.41668395996095,,415.36817606423136,435.3922968059707,18.57589629438995
2024-08-06,396.5695190429687,402.5834388839359,395.4679791086585,396.9565662320286,24946500,412.92710571289064,,411.9502384240018,433.86983493291183,24.16149888803031
2024-08-07,395.39849853515625,406.9598522968999,394.4458112703364,405.53083654236127,20650900,409.9032897949219,,408.9408311714844,432.36115507417634,24.734971858648166
2024-08-08,399.6260681152344,402.77193167950935,396.8969919508049,399.3779702821044,20203000,408.3442413330078,,407.2472378885298,431.0774261738257,29.511918233133954
2024-08-09,402.93072509765625,404.945278327108,399.1993542150353,400.9558760021183,19276700,406.43388671875,,406.46241738109825,429.9736339747602,27.349673033683672
2024-08-12,403.7147216796875,405.6498969215895,401.16426864795665,403.9628195165785,16762900,404.45704040527346,,405.9628363444781,428.9438727082868,26.33740305977419
2024-08-13,410.8599548339844,411.79280513110314,406.4537347921751,406.47357171655057,19414300,403.57281799316405,,406.8532215243883,428.23469945831414,39.60632203029644
2024-08-14,413.6882629394531,414.5417352887003,409.3118435327495,411.64393908583247,18267000,403.42494812011716,,408.09595632712734,427.66425096737845,48.7964943834482
2024-08-15,418.57965087890625,418.65917193819183,415.2292687595661,417.3567984201095,20752100,403.8892761230469,,410.00208260926894,427.30799214037955,47.194418627706106
2024-08-16,416.0345153808594,418.88780719208,414.871311404525,418.15212368395106,22775600,404.95453491210935,,411.0988885677399,426.86589501255526,44.0565788717537
2024-08-19,419.07672119140625,419.2954420190991,414.03622098500824,416.52167114516885,15234000,407.6478637695312,,412.54940359022464,426.5604372156475,49.49498234963929
2024-08-20,422.3276672363281,423.3814956474892,419.1860850211475,419.2457333961214,16387600,410.2236785888672,,414.32726970769795,426.39444623606636,55.90426832889293
2024-08-21,421.6715698242187,423.9183962597862,419.2656405890008,421.6118911043651,16067300,412.8509857177734,,415.6625970016108,426.2092353963861,56.438961116821226
2024-08-22,413.1315307617187,424.3061357802643,412.1969990352219,421.8902550651885,19361900,414.2015319824219,,415.2024031398122,425.69638423424226,56.4524989620161
2024-08-23,414.36431884765625,416.8199448280934,409.69166039420327,414.5532154876874,18493800,415.3448913574219,,415.050024177602,425.2519895131997,73.12484993845095
2024-08-26,411.08349609375,414.8514469502835,408.9460150702165,413.94673947074824,13152800,416.08176879882814,,414.32883725326525,424.6963623202801,65.47325461698335
2024-08-27,411.4314575195313,411.9484202096587,407.8623548739229,410.4571501735566,13492900,416.1389190673828,,413.8020409380409,424.17616997515273,67.39795053303095
2024-08-28,408.2103576660156,412.58474406521935,404.939496621488,412.46544730687265,14882700,415.59112854003905,,412.78537125221806,423.5500596885199,59.523142091820795
2024-08-29,410.7156677246094,419.593688512659,408.2103448580283,412.5250827426797,17045200,414.8047302246094,,412.40906151992556,423.0467501997391,58.792306796178025
2024-08-30,414.7122802734375,415.0602190186727,409.7314285183125,413.1812345025267,24308300,414.67250671386716,,412.82782856601864,422.71990824184496,61.580290934050694
2024-09-03,407.0570983886719,417.4363409532222,404.6611207314943,415.47780496274754,20313600,413.4705444335938,,411.7786048974101,422.10568040446566,46.03818743228053
2024-09-04,406.5202331542969,408.8466109265116,402.01659855552833,403.5476443909062,15135800,411.8898010253906,,410.8225373077531,421.49448639465515,42.157937683379465
2024-09-05,406.01318359375,410.6957628850725,403.7663270914325,405.2476455783769,14195500,410.32396240234374,,409.94810935975255,420.8873764808942,34.79302938448002
2024-09-06,399.3621215820313,408.2600144548305,398.4673353023376,406.6792718819864,19609500,408.947021484375,,408.0233843092578,420.04324883780157,31.64805116714996
2024-09-09,403.3587341308594,406.27167441765806,399.8095040440946,404.8698768958274,15295100,407.8464630126953,,407.1752660950035,419.3889541434117,33.05464329495592
2024-09-10,411.7893981933594,413.9069762623546,405.327227721672,405.8243177579556,19594300,407.91705322265625,,408.01419920379544,419.0909323414489,39.78021353593876
2024-09-11,420.5779418945313,421.5223947493852,407.1962564161617,413.08181573237965,19266900,408.8317016601562,,410.29851605665647,419.14924644156974,49.08391966632968
2024-09-12,424.514892578125,424.8827343519594,417.3070870249835,420.8463656693976,17418800,410.4621551513672,,412.88331178783255,419.35966393712096,60.33206877372439
2024-09-13,428.083984375,429.3167579290349,422.98383586069434,423.3516776250456,15874600,412.19898681640626,,415.6470704400448,419.70179415037114,61.94596909969049
2024-09-16,428.8296203613281,431.0068771042965,425.72778345078893,428.0939368309987,13834700,413.6107208251953,,418.04389769845994,420.05974811942826,66.1655707161884
2024-09-17,432.6174621582031,439.27848092894993,429.7542186309563,437.6679140298658,18874200,416.16675720214846,,420.6936366911405,420.55220749349786,68.16093054550569
2024-09-18,428.302734375,433.4923558065776,427.9050683956392,432.46835149823806,18898000,418.3450073242187,,422.07710899729676,420.85614972414504,66.90647075590162
2024-09-19,436.1368713378906,438.9305149970845,434.3572804602649,438.6620972919553,21706600,421.3573760986328,,424.63342942285925,421.4553937089978,69.62997700022626
2024-09-20,432.7367858886719,436.6836823244085,431.69290886011487,434.6754493302442,55167100,424.69484252929686,,426.1067669620979,421.89780124545564,64.04774397266121
2024-09-23,430.9870300292969,433.9198431554934,427.88519293448667,431.75253779309,15128900,427.4576721191406,,426.9940875197704,422.25424158992,70.54105822589572
2024-09-24,426.6722717285156,430.82793711748263,423.6201316482112,430.47996802683457,17015800,428.9459594726562,417.96945617675783,426.93557555772406,422.4274976737865,66.2445916305945
2024-09-25,429.59515380859375,430.599285430914,426.0757780554542,427.3284243659067,13396400,429.8476806640625,417.6393634033203,427.4191352397003,422.70858222809267,68.29683755907678
2024-09-26,428.7998046875,432.766573468399,426.6324994108163,432.5578041483432,14492000,430.276171875,417.412451171875,427.67016604839114,422.94745369708903,75.12303493108583
2024-09-27,425.5289306640625,429.3366572153901,424.982143776937,429.0085608111411,14896100,430.0206665039062,417.1826422119141,427.28085052396773,423.0486880879507,69.15805335340366
2024-09-30,427.795654296875,427.91498138591425,422.89435403602215,425.71782167728367,16807300,429.9172698974609,417.06287170410155,427.37445120995085,423.2348436255556,65.48072955498138
2024-10-01,418.2416076660156,425.9862787507864,416.3725443176016,425.95645456288486,19092900,428.4796844482422,416.6363067626953,425.7139342019626,423.0390304506717,47.77334458726435
2024-10-02,414.7023620605469,420.3592494217051,414.2847930567838,420.12062555956777,16582300,427.11964721679686,416.10104797363283,423.71183017625066,422.71210227851,40.5766817441947
2024-10-03,414.11578369140625,417.1082451347957,411.8788784861643,415.1994363500383,13686400,424.91753845214845,415.8706304931641,421.9670944517335,422.3749917456824,35.77073255654899
2024-10-04,413.6385498046875,417.3070766219624,412.554897189336,415.8058550353904,19169700,423.00771484375,415.8390704345703,420.452813606816,422.03238617936887,34.43991885192352
2024-10-07,407.1565246582031,414.68244492002515,406.6196589116371,413.5789195776064,20919800,420.6246643066406,415.5415155029297,418.03530652525,421.44901906089177,25.28468540633287
2024-10-08,412.29644775390625,413.24093104669487,405.7945313192391,408.5086237522523,19229300,419.1870819091797,415.3177807617187,416.9918776577329,421.09009469591194,34.707452701898916
2024-10-09,415.0303955078125,417.9334146057065,411.8887829065184,413.4397013585542,14974300,417.73060607910156,415.22434509277343,416.6352445395655,420.85245943363356,27.657269123789774
2024-10-10,413.41986083984375,414.92108254210694,410.74551386798254,412.81342552487126,13848400,416.19261169433594,415.18940307617186,416.05062932143426,420.56098497897517,28.746394646448707
2024-10-11,413.89703369140625,414.70231708134946,410.8448937448496,413.7180885691892,14144900,415.0294219970703,415.1886163330078,415.65906647961094,420.2996535559333,30.654861631678756
2024-10-14,416.7006530761719,421.5721293976272,415.0900558618419,415.3386008817118,16653100,413.919921875,415.41499084472656,415.84844586080385,420.15851628221714,38.31272605530629
2024-10-15,416.3029479980469,420.02120204810905,412.8432208119586,419.7229298265709,18900200,413.72605590820314,415.89818115234374,415.93108261302984,420.00731752597517,33.440622046423854
2024-10-16,413.69818115234375,413.93677464609624,408.0910216693982,412.7537283462629,15508900,413.6256378173828,416.2407543945312,415.5251005292687,419.75990041328373,31.998044285866044
2024-10-17,414.2947082519531,420.0410676802283,413.1712799502717,419.9018679111856,14820000,413.6435302734375,416.61867858886717,415.301392842484,419.5455791520551,35.69619544902436
2024-10-18,415.7263488769531,417.2076674979936,413.8374127793913,414.7122961104646,17145300,413.85231018066406,416.94068420410156,415.37865757602384,419.3958054157766,34.299055847970166
2024-10-21,416.3427429199219,416.5216880571269,411.3420182082338,413.6982202013397,14206100,414.77093200683595,417.20892456054685,415.55394582036894,419.2760774747627,46.78129215947558
2024-10-22,425.0219421386719,428.07405197206367,415.6070554250592,416.0544182638452,25482200,416.0434814453125,417.63506896972655,417.275399696424,419.50140550079834,64.89664262542357
2024-10-23,422.1288757324219,428.5711433507003,420.0709156477079,428.35242251551375,19654400,416.7533294677734,417.86044738769533,418.15784988478725,419.6044435490973,60.844988282408416
2024-10-24,422.2581176757813,423.5008427798279,419.941661091456,422.85460145374896,13581600,417.6371551513672,418.0318444824219,418.90335311951344,419.7085092011242,61.776728904158766
2024-10-25,425.658203125,430.0027653012564,424.0874119188817,424.2763085648032,16899100,418.8132720947266,418.17341552734376,420.1315076659655,419.94183053147225,77.60305450558697
2024-10-28,424.1072998046875,429.4261695906152,423.8189790705798,429.1478003666399,14882400,419.55393676757814,418.3348712158203,420.85437896391494,420.10518226767675,69.73421743954573
2024-10-29,429.43609619140625,430.6489970983667,423.32186444879665,425.5090727531412,17644100,420.86725158691405,418.5420587158203,422.4146911870952,420.4711004607642,72.14922241282878
2024-10-30,430.0127258300781,435.9479823564893,429.5852356603292,434.8941538571239,29749100,422.4987060546875,418.6957598876953,423.79615203127383,420.8452818477961,76.34980251520511
2024-10-31,403.985107421875,413.73801220344217,403.9353802107126,412.942649884576,53971000,421.4677459716797,418.34203063964844,420.194143920474,420.1840985369757,41.31084527133243
2024-11-01,407.981689453125,413.0818383039077,405.12839737386855,406.6296190582037,24230400,420.6932800292969,418.23903381347657,417.97369765368325,419.7055726905502,42.51323207479037
2024-11-04,406.0827941894531,408.0314090256176,403.2096294840388,407.414991879503,19672300,419.66728515625,418.0734033203125,415.8117152056414,419.17134608266406,41.44475599363186
2024-11-05,409.0653076171875,412.4852893556826,405.70497425343626,405.9932949580096,17626000,418.0716217041016,418.03303955078127,414.58509564410434,418.7750308487238,46.14621485747011
2024-11-06,417.7345581054687,418.00300613139274,408.1307753660983,410.0197416967975,26681800,417.63218994140624,418.1591015625,415.1577251825342,418.73422799604714,52.52259361394425
2024-11-07,422.9540100097656,424.3657590257446,417.43632288625736,418.8281688837221,19901800,417.7017791748047,418.453974609375,416.57523151475806,418.899709643644,55.02139705919768
2024-11-08,420.0808410644531,424.0177855133015,419.32525452801985,422.8446603519728,16891400,417.14404296875,418.6412780761719,417.21261506924805,418.9460285228914,52.518071982034506
2024-11-11,415.57720947265625,422.3376216288976,413.5788978774876,420.0609408352946,24503300,416.29103393554686,418.65857666015626,416.9152685971404,418.81391797190184,43.258561823618
2024-11-12,420.5679931640625,421.969790701444,414.77193671429194,415.8158136502301,19401200,415.4042236328125,418.92879455566407,417.57940033658076,418.88270523433954,48.91827060344796
2024-11-13,422.7253723144531,426.8313104637277,415.7760330857976,419.1860937392156,21502200,414.67548828125,419.2528973388672,418.51503160528483,419.0333980610107,50.31496480894133
2024-11-14,424.4055480957031,425.6780973820496,417.5556327945319,422.526533184943,30246900,416.7175323486328,419.62074462890627,419.58603460354266,419.2440706113908,49.13557273913111
2024-11-15,412.5847473144531,420.3393400677491,411.23267692258383,417.3767027455775,28247600,417.17783813476564,419.8851971435547,418.3130732782536,418.98292067817755,43.03568563001821
2024-11-18,413.34033203125,415.9649517435253,409.7016291897124,412.4554971706168,24742000,417.9035919189453,420.0848291015625,417.40893850607114,418.76164269202354,39.7023312116834
2024-11-19,415.3584899902344,415.5076109291685,409.154785870871,410.7057043157201,18133500,418.53291015625,420.1562109375,417.0361296850099,418.62818572332594,40.79438342172341
2024-11-20,413.0718688964844,414.86141123218795,408.19044109637775,414.4438422518667,19191700,418.06664123535154,420.00608947753904,416.315354996187,418.4102909458027,58.13453349950907
2024-11-21,411.2887268066406,418.1722655525636,408.7186214344056,417.8933391524707,20780200,416.9001129150391,419.7415661621094,415.40142259808766,418.1310139207376,53.08264790536969
2024-11-22,415.40289306640625,415.8013549892085,409.48564079067086,409.79445106089474,24814600,416.43231811523435,419.4879443359375,415.4016899559638,418.0240287891952,58.34314528444459
2024-11-25,417.1860656738281,419.4672732103364,413.2611532266888,416.7776323033626,27691100,416.59320373535155,419.2550732421875,415.72612190466634,417.9911674905534,57.42904188891823
2024-11-26,426.350830078125,427.396826920373,417.24585120009374,417.9830073436352,23458900,417.17148742675784,419.12974060058593,417.65788702711336,418.3189973959484,57.811528186331515
2024-11-27,421.3699645996094,425.5937463329837,420.4036784238945,423.48184026594765,18332400,417.03594665527345,418.99108520507815,418.3328102221126,418.43864316864097,48.55766184831358
2024-11-29,421.8381958007813,423.2527707652543,416.1998692026867,418.4811073183322,16271900,416.7792114257812,418.7051116943359,418.9701530545978,418.5719589581367,51.67343285490527
2024-12-02,429.3293762207031,431.3416287639885,419.6963985253484,419.95541246483856,20207200,418.45367431640625,418.63696350097655,420.85364817570786,418.9938184586295,62.390449946410726
2024-12-03,429.5485534667969,430.8136785324232,426.1017830789421,428.19374634076934,18302000,420.0744964599609,418.6081939697266,422.43454004681496,419.4077296354204,58.85247923566803
2024-12-04,435.7447204589844,437.98610309109085,430.973057365549,431.3715193088951,26009400,422.1131195068359,418.7896429443359,424.85457284902753,420.0483959422269,61.88716530097278
2024-12-05,440.9248046875,442.9570002031869,434.4995257845279,436.2428234590915,21697800,424.8984130859375,419.01623596191405,427.77643318329524,420.86707863811995,64.17667077149679
2024-12-06,441.87115478515625,444.3914637865622,440.0780304611881,440.605999369761,18821000,427.95665588378904,419.2776629638672,430.339109838179,421.69076789878807,80.90087641735988
2024-12-09,444.311767578125,446.61291802797285,438.8129196876974,440.904882933204,19144400,430.84754333496096,419.65331970214845,432.8795930636237,422.57786592542874,81.55669042682464
2024-12-10,441.6320495605469,447.89796761162455,439.9086948512907,442.6880177694449,18469500,433.2921417236328,419.9300476074219,434.470948790337,423.32508881308047,76.41394815707508
2024-12-11,447.2704162597656,448.6252234428676,442.34933339299914,442.34933339299914,19200200,435.38410034179685,420.51062377929685,436.79812469386945,424.2641212619701,82.21051530247965
2024-12-12,447.8381958007813,454.4129240722559,447.389907127457,447.389907127457,20834800,438.0309234619141,421.17334045410155,438.8054103496716,425.188594773296,85.23136770847982
2024-12-13,445.5569763183594,449.7010474581427,443.8734464678006,446.722508676707,20177800,440.4028015136719,421.80216430664063,440.0329677985239,425.98735483388674,80.13137070140604
2024-12-16,449.86041259765625,450.4481492573408,443.57458224663304,445.55695084461104,23598800,442.4559051513672,422.5266015625,441.8197759438207,426.923553177564,81.08411299608231
2024-12-17,452.7194519042969,453.5462901057899,447.84819595840975,449.2826833242326,22733500,444.7729949951172,423.4378601074219,443.80153520936176,427.9351570492006,78.50524514167054
2024-12-18,435.71484375,450.9163784238889,435.3462352856184,449.5914856002837,24444500,444.77000732421874,423.90622802734373,442.33122767129595,428.24024280217316,62.30771365745575
2024-12-19,435.356201171875,441.4826409757379,434.6489289397384,439.92861811038824,22963700,444.21314697265626,424.312744140625,441.06304103503754,428.5192999931419,61.620118825013215
2024-12-20,434.9278869628906,442.0405259174741,426.988409771976,431.4512325197303,64263700,443.51882019042966,424.74290466308594,439.94755847646536,428.77061712921045,55.47761800114655
2024-12-23,433.5830383300781,435.9738405026486,431.1722932989543,435.06732205874545,19152500,442.445947265625,425.1366247558594,438.79037299530404,428.95933952924446,53.86228954930508
2024-12-24,437.64739990234375,437.91638528778583,432.52710135873434,432.98533109593694,7164500,442.0474822998047,425.5555596923828,438.58255970567484,429.3000477791699,51.89898092764884
2024-12-26,436.43206787109375,439.2512462781778,434.9577555797017,437.3983540840164,8194200,440.9636474609375,425.95814208984376,438.19156119029645,429.57973484159834,45.13063001678934
2024-12-27,428.881103515625,433.5531436249425,424.7171198755552,432.9355230391817,18117700,439.06793823242185,426.26180053710937,436.4987507039925,429.5523375346974,37.684176902413896
2024-12-30,423.2029113769531,425.9124951444225,420.2841404099869,424.428211489687,13158700,436.83253173828126,426.43996459960937,434.08132537180353,429.30334043047213,31.144329655219835
2024-12-31,419.88568115234375,425.09566152109494,419.0489019483089,424.4680695178944,13246500,433.83505859375,426.52315124511716,431.50029915008355,428.9340204587808,30.79361297372128
2025-01-02,416.9768676757813,424.43820240788705,413.2611726539346,423.900262040925,16896500,430.26080017089845,426.53583374023435,428.85967524566496,428.46511250650633,21.889398181160246
2025-01-03,421.7286071777344,422.4059955323201,417.93320162542307,419.4672816518615,16662900,428.8621765136719,426.46996704101565,427.5631174151321,428.20093582694665,27.517604958346638
2025-01-06,426.21136474609375,432.6565862275622,423.85044657634234,426.3607841744266,20573600,427.94769287109375,426.5516168212891,427.31734420257965,428.1229134316191,33.950420052752776
2025-01-07,420.7523498535156,429.00063686122985,419.18835553907815,427.356962317073,18139100,426.53013916015624,426.52150146484377,426.12370886638615,427.8338717226739,26.305572958613027
2025-01-08,422.9339599609375,425.3347334633813,419.9255373117582,421.8381668103431,15054600,425.46523132324216,426.4670166015625,425.54375451994093,427.6417183202529,25.483750883554606
2025-01-10,417.345458984375,423.0833778600729,413.4304875422897,423.0036976315441,20201100,423.43503723144534,426.33177978515624,424.05315533165617,427.2379434443361,31.381243906422398
2025-01-13,415.5921936035156,416.8971739621178,410.71096634455273,413.6496498082875,17604800,421.3510498046875,426.0549017333984,422.5147986538124,426.7812473721471,30.51845345349858
2025-01-14,414.0780334472656,418.13242259689986,409.1469793562449,416.2098216251219,16935900,419.87074279785156,425.7362078857422,420.98084134353115,426.283082120191,29.87885042197368
2025-01-15,424.67724609375,426.51019531397225,416.6680304830878,417.5247525233758,19637800,420.01817626953124,426.15005065917967,421.65291493448,426.2201081583698,42.70795903813275
2025-01-16,422.953857421875,427.8450559110229,422.7646130850573,427.0581034768278,15300000,420.3249938964844,426.4494940185547,421.8894499321882,426.0920198941935,37.48935962342159
2025-01-17,427.3868408203125,432.81597982276594,426.53014915865293,432.4274589059452,26197500,421.3659912109375,426.87557495117187,422.8889755482108,426.1427971854139,42.69861211700192
2025-01-21,426.85888671875,429.2496888722742,423.9699995165458,428.55238804454143,26085700,421.87901916503904,427.2314465332031,423.6107775792179,426.17087912789765,48.15890374420698
2025-01-22,444.4910888671875,445.5569677171093,434.33014218783535,435.8841650351672,27803800,423.7069915771484,427.7665771484375,427.40719781339413,426.8893187255169,65.91691009264412
2025-01-23,444.9991149902344,445.03897030447143,439.8090775364838,440.30716256200645,18389300,426.1316680908203,428.20747924804687,430.60572820918327,427.59950681432935,69.60038337738906
2025-01-24,442.3592834472656,444.9393603072831,439.70946738545626,443.4550766157881,15549500,428.07420043945314,428.6530480957031,432.74273825247093,428.1783215842484,69.89384445157748
2025-01-27,432.8956604003906,433.5332238334213,421.8780219291722,422.3860783898249,35647800,429.6292205810547,428.9994171142578,432.7705422793654,428.3633152633128,58.150356687523555
2025-01-28,445.4872741699219,446.66274757404807,429.7278561291377,432.93552501884864,23491700,432.6187286376953,429.497802734375,435.0826753503756,429.034843063572,62.579659379103965
2025-01-29,440.6358947753906,445.1684868455072,438.7132938317083,444.97921209968376,23581400,435.27451477050784,429.85601318359375,436.09235160946923,429.4897862679571,63.079945491527816
2025-01-30,413.4006042480469,421.240457770868,411.5776264111281,417.1661258658952,54586300,434.1468505859375,429.63591430664064,431.9665793619379,428.8588379534508,45.28338579065407
2025-01-31,413.4703369140625,419.0787791378778,413.32091748728266,417.3753368711932,34223400,433.19849853515626,429.6536260986328,428.60362618959687,428.2553673244552,47.97204624335062
2025-02-03,409.3462219238281,413.819015846871,407.0948678187981,410.02361028085903,25679100,431.3944366455078,429.57374389648436,425.10227995945706,427.5138322107052,46.81046493144622
2025-02-04,410.7906494140625,412.3347312724244,408.1707172498281,411.1094311345796,20532100,429.78761291503906,429.4823870849609,422.5001653148398,426.8580211206408,48.32008533612797
2025-02-05,411.7071228027344,412.2450327338191,408.828176805576,410.77072053658367,16316700,426.50921630859375,429.45509216308596,420.53779394900243,426.2638682454288,42.64407321778376
2025-02-06,414.2274475097656,416.59833715024297,412.41441067873023,412.41441067873023,16309800,423.4320495605469,429.51386657714846,419.3904582327775,425.79185174599104,45.09520664842752
2025-02-07,408.1806945800781,417.0466023053385,406.5370200109021,414.8849302333569,22886800,420.0141906738281,429.3694226074219,417.35231938683216,425.10121813164153,39.39727513642008
2025-02-10,410.6412048339844,413.8687859546339,409.3461959746536,412.1254884282369,20817900,417.7887451171875,429.238525390625,416.13211674085983,424.5341587866354,41.23409324616379
2025-02-11,409.86419677734375,410.9101631414249,407.73237833536206,408.0711028958629,18140600,414.2264373779297,428.9087927246094,414.9924949293114,423.95886615882,27.113483159665492
2025-02-12,407.473388671875,409.1768308737253,402.82126135721137,405.6503805324544,19121700,410.9101867675781,428.6308612060547,413.6253847006866,423.3123768456065,25.79981224648847
2025-02-13,408.9676513671875,409.4258810673793,404.8036375500993,405.4412009596675,23891700,410.4668914794922,428.37345031738283,412.7785240945958,422.7498385915508,28.142924546958554
2025-02-14,406.86572265625,407.3438952203064,404.3255012113121,406.2281896382051,22758500,409.8064300537109,427.92417724609373,411.7034692876238,422.12693208428414,31.14445624920694
2025-02-18,408.0711059570313,409.0274206742818,404.943117468385,406.4373725143938,21423100,409.6789184570313,427.49462829589845,411.0430395911524,421.57572321654874,17.542324197395644
2025-02-19,413.1814270019531,413.8986706302125,406.0887013451084,406.3178313932664,24114200,409.9179962158203,427.0433624267578,411.4318373022071,421.24653512970184,26.290388892988545
2025-02-20,415.3674621582031,418.5416276159257,411.78404435480104,414.52900508229465,23508700,410.2840301513672,426.5322155761719,412.1474054578427,421.0159832484666,52.993870114812246
2025-02-21,407.4619445800781,417.2839090748864,407.1425541325549,416.5752186827425,27524800,409.60747985839845,425.84403137207033,411.2955034800673,420.48445232029457,42.61575586458625
2025-02-24,403.2596740722656,408.6198287275297,398.58825743588903,407.7614192904554,26443700,409.11537780761716,425.02298950195313,409.8344435877397,419.8089708203719,42.53404607356497
2025-02-25,397.17083740234375,401.18349019975926,395.9730546936776,400.3649855487621,29387400,407.7683410644531,424.1337652587891,407.5319697358495,418.92120088241,35.002332180461025
2025-02-26,398.99749755859375,402.860400830509,393.5275288045757,397.28064827533655,19619000,406.6816711425781,423.1683068847656,405.98024752180294,418.13987918343685,36.27962783232292
2025-02-27,391.8106994628906,404.9964840093174,391.4513737735657,400.5346739302656,21127400,405.1154022216797,422.0477569580078,403.40396605654615,417.10736233165073,28.015508070685385
2025-02-28,396.2625122070313,396.9013540385077,385.8616237546672,391.94046026830176,32845700,403.8448883056641,421.06186767578123,402.1055199020889,416.2899172287245,37.93416879280213
2025-03-03,387.778076171875,398.0891633417286,385.4523593369203,398.0891633417286,23007700,401.9361236572266,419.8202209472656,399.50053013295906,415.1718058147304,29.36990532250438
2025-03-04,387.8978576660156,391.86058386063223,380.3018176104046,382.6974135187692,29342900,399.918798828125,418.5237890625,397.3909533207875,414.1022392206632,29.94119407626883
2025-03-05,400.2851257324219,400.9339589862258,388.09750890861034,388.62653647287385,23433100,398.62916870117186,417.81519470214846,397.9171664865392,413.56039163288904,44.449330300018254
2025-03-06,396.1627197265625,401.4130601425524,391.9604125552081,393.557486671848,23304600,396.7086944580078,417.0313250732422,397.5981761665434,412.8781299895037,40.4978961814221
2025-03-07,392.5892639160156,394.07652376953155,384.83351327034705,391.601087821307,22034100,395.22142639160154,416.1845526123047,396.6874648482656,412.0824881827003,39.63234932354777
2025-03-10,379.46337890625,385.69193466137494,376.5287638766263,385.1329632711281,32840100,392.841796875,415.10215942382814,393.5558128588082,410.8033074267611,32.29094879700155
2025-03-11,379.7528381347656,385.29265558349334,376.2193166501511,378.30548307291184,30380200,391.09999694824216,413.94426818847654,391.0461810908005,409.5856419643299,27.99320944249125
2025-03-12,382.5676574707031,384.5140963348653,378.2555969008229,382.2482670126177,24253600,389.45701293945314,412.8669799804687,389.50463134169183,408.52611316065827,28.58444842776271
2025-03-13,378.0758972167969,384.6139126915579,376.75833925299,382.4578672121625,20473000,388.0835327148437,411.8508758544922,387.42667968262,407.3319870452127,29.91813945573128
2025-03-14,387.8479614257813,389.51491455417886,378.8145577339824,379.0840519928303,19952800,387.2420776367188,411.14377685546873,387.50327636319474,406.5679076091566,40.212976496539014
2025-03-17,387.98773193359375,391.9903630236123,384.8634626840814,385.9913968692823,22474300,387.26304321289064,410.50581787109377,387.59135919417633,405.8392732689384,43.69174160525672
2025-03-18,382.8171997070313,386.6601507855219,380.4016513456866,386.3607127115223,19486900,386.7549774169922,409.82262451171874,386.7233301965136,404.936446854746,39.37327930808347
2025-03-19,387.1093444824219,388.9659214939022,383.29633715100766,384.8235322758774,19185500,385.43739929199216,409.1302392578125,386.79351461213327,404.2373448009294,46.790252789417714
2025-03-20,386.131103515625,391.07204471614995,382.5776297310475,385.0331131975468,18470500,384.4342376708984,408.3286340332031,386.6730762309499,403.52729612307434,42.738593204961376
2025-03-21,390.54302978515625,391.0221306945889,382.09851071654674,382.5177544739553,39675900,384.2296142578125,407.7244476318359,387.3767041498965,403.01810920786187,52.104562386121536
2025-03-24,392.3596801757813,394.67543616141086,389.09568331150246,394.67543616141086,21004500,385.5192443847656,407.1129620361328,388.28269979096643,402.6001315987607,53.310626203231124
2025-03-25,394.4358825683594,395.63366532055824,391.9205113732519,393.198164585924,15775000,386.987548828125,406.6547705078125,389.40146029594695,402.27996497011753,44.875855770690876
2025-03-26,389.2554016113281,394.5856126855185,387.85797313035886,394.27618318122023,16108400,387.6563232421875,406.12803466796873,389.3749041714708,401.76919777957676,44.059078751545336
2025-03-27,389.8642578125,391.5212195564284,386.6900923994873,389.4151007040484,13766800,388.8351593017578,405.6437591552734,389.4638775607488,401.302337388711,47.53030112774239
2025-03-28,378.1058349609375,388.4169222438939,376.2392666189567,387.36882809704144,21632000,387.86094665527344,404.7123309326172,387.3987789062376,400.39267062683757,48.73837326045598
2025-03-31,374.7021179199219,376.3790320336197,366.5670283067677,371.8573344110368,35184700,386.5323852539062,403.74729614257814,385.0902950905438,399.3851979716644,45.562972852692475
2025-04-01,381.4896545410156,382.1484487727996,372.54608191207893,373.96346276032,19689500,386.3996307373047,402.8293524169922,384.43563317244775,398.68341195477626,49.114770136949495
2025-04-02,381.4397583007813,384.3743428432238,375.9298539853363,377.2773862564683,16092600,385.8326721191406,401.9209698486328,383.89092865032654,398.0071902428549,52.979692772149406
2025-04-03,372.42626953125,376.788287190408,368.6731803622598,374.1032141191555,30198000,384.4621887207031,400.47967346191405,381.8064451741308,397.0040168816155,36.15345411501651
2025-04-04,359.18060302734375,373.9035742050073,358.8212773354498,363.4627502923482,49209900,381.32594604492186,398.76330322265625,377.6926556928968,395.52074575007543,29.06268825685352
2025-04-07,357.2042236328125,370.3201598177643,344.1581969485817,350.2370336524557,50425000,377.810400390625,397.06020202636716,373.9674862274269,394.01813703959454,30.477798329710836
2025-04-08,353.9102783203125,372.9652928837084,349.6081786868937,367.585185716996,35868900,373.7578399658203,395.4804943847656,370.32072115340605,392.44527983491685,24.304689164464904
2025-04-09,389.7744140625,392.50941370351666,352.45294739016697,352.8921435234206,50199700,373.8097412109375,394.36623718261717,373.85775622778675,392.34054000070444,51.83104294478528
2025-04-10,380.6511840820313,383.19649903483815,367.1259961137824,381.3598744812396,38024400,372.8884338378906,393.16654296875,375.0929249285585,391.88213388624666,45.25336957222104
2025-04-11,387.7381896972656,389.3352333779351,378.1957105354839,379.9425037151649,23839200,373.85166931152344,392.6532946777344,377.3920639774143,391.71962627099253,47.88913207654471
2025-04-14,387.0993347167969,393.9267967433856,383.5059256339463,392.4994245329486,19251200,375.0913909912109,392.12587463378907,379.15702229366565,391.53843836690646,46.60444409290448
2025-04-15,385.0231628417969,391.17187833074144,383.4560325474498,387.7980672884699,17199900,375.4447418212891,391.63941345214846,380.22359330241676,391.2829373659218,47.98325198399887
2025-04-16,370.9290161132813,380.9106912763521,367.3256460010072,379.97244183574617,21967800,374.39366760253904,390.8421807861328,378.5336701771194,390.48474437562214,42.00454931569551
2025-04-17,367.1060485839844,373.6340726815441,366.2176953329466,373.0651098854367,20943700,373.8616455078125,389.9501593017578,376.4559207965494,389.5679327759501,45.02169129986202
2025-04-21,358.4619140625,363.8121077971333,355.01825440362086,362.1551460624454,20807300,373.78977661132814,388.8348486328125,373.18428320854036,388.3480889048344,42.982826511610604
2025-04-22,366.1478271484375,367.09606804173376,359.20055908423666,362.7141283475077,19485000,374.68413696289065,387.9941912841797,371.9049275612489,387.4774904045836,43.422070824079206
2025-04-23,373.7039489746094,379.6929540391626,372.33643389707953,375.3708716590499,20545500,376.6635040283203,387.2554461669922,372.232022363678,386.93735152497675,46.88379206020796
2025-04-24,386.59027099609375,387.7381880213899,374.5024768665421,375.0115520530072,22232300,376.3450897216797,386.7899676513672,374.8426130241172,386.9237405238441,55.53302941723452
2025-04-25,391.1319580078125,391.44138750936105,383.8952433175299,386.29083932956814,18973200,377.39316711425784,386.46313903808596,377.8043121120618,387.08876866047035,63.39218834422124
2025-04-28,390.4432067871094,392.0202980494585,385.9315006090283,391.241728610284,16579400,377.6636688232422,386.0926501464844,380.1022929620704,387.2203152536719,64.08391058606294
2025-04-29,393.31793212890625,394.3759872470841,389.66463540586307,390.5829324517716,14974000,378.2855285644531,385.8216943359375,382.5051364469496,387.45943748407325,66.75721087838615
2025-04-30,394.53570556640625,395.9331340086755,383.73552563819743,389.58477271143016,36461100,379.2367828369141,385.550986328125,384.6925126504872,387.73693819318436,52.87039878485752
2025-05-01,424.6204528808594,436.1892106723326,424.12136912560175,430.3199808366381,58938100,384.6059265136719,385.77976684570314,391.95213814691846,389.1833505338775,71.1595551042671
2025-05-02,434.48236083984375,438.63474141621873,429.20204608174254,430.948839257634,30757400,391.3435577392578,386.1620648193359,399.6849059092685,390.95978231058206,71.90977774001495
2025-05-05,435.3707275390625,438.6946118778074,431.3181395047298,432.0767565448986,20136100,399.03443908691406,386.7202404785156,406.17323711468555,392.70138800581657,72.57281421774896
2025-05-06,432.5159606933594,436.9278744842835,430.3798980651205,431.408009380462,15104200,405.67125244140624,387.3053662109375,410.96282321989895,394.2627437974849,72.0481753603518
2025-05-07,432.555908203125,437.3171563878889,430.319992206568,433.04500054847074,23295300,411.5564483642578,388.0130676269531,414.8888386713946,395.76443651927474,82.90342826938902
2025-05-08,437.3670654296875,442.8569866615064,434.8616552652553,437.12748451655574,23491300,416.6341278076172,388.780458984375,418.9757889910842,397.39591216282037,87.12159102598706
2025-05-09,437.9260559082031,439.93235195021686,435.0812723261066,439.193717718148,15324200,421.31353759765625,389.70276611328126,422.42129206692397,398.9853295646001,95.90586962630844
2025-05-12,448.4367370605469,448.5465208630377,438.9740982732109,445.12281367736733,22821900,427.112890625,390.7462506103516,427.1513729748554,400.9246004467941,96.03526650825579
2025-05-13,448.3169860839844,449.8441812103938,444.54388351816056,446.9594623818115,23618800,432.6127960205078,391.95702880859375,430.9996662674243,402.78312537374273,95.52930432671036
2025-05-14,452.1099853515625,453.0682176126866,447.3187935842875,447.3187935842875,19902800,438.37022399902344,393.2412713623047,434.8379061009039,404.7175120395396,94.97123198490506
2025-05-15,453.1300048828125,456.19000244140625,450.4299926757813,450.7699890136719,21992300,441.22117919921874,394.2981689453125,438.1637422430691,406.6160411706484,94.71577212466126
2025-05-16,454.2699890136719,454.3599853515625,448.7300109863281,452.0499877929687,23849800,443.19994201660154,395.4603143310547,441.09215074681504,408.48482343900224,95.73703624977804
2025-05-19,458.8699951171875,459.5899963378906,450.7999877929687,450.8800048828125,21336500,445.54986877441405,396.78592895507813,444.32448608688276,410.4607125244213,95.8398991356189
2025-05-20,458.1700134277344,458.3399963378906,454.3200073242187,455.5899963378906,15441800,448.1152740478516,398.3600616455078,446.8418546943103,412.3316655010218,94.82343148976712
2025-05-21,452.5700073242187,457.7799987792969,451.80999755859375,454.5700073242187,19216900,450.11668395996094,399.8164050292969,447.88333699065726,413.9096396901668,80.05421139161157
2025-05-22,454.8599853515625,460.25,453.8999938964844,454.9500122070313,18025600,451.86597595214846,401.2622515869141,449.15181851082184,415.51553559845684,76.17439720026209
2025-05-23,450.1799926757813,453.69000244140625,448.9100036621094,449.9800109863281,16883500,453.09136962890625,402.70433349609374,449.3387592680872,416.8749260720774,67.33364671322602
2025-05-27,460.69000244140625,460.9500122070313,456.1199951171875,456.4800109863281,20974300,454.3166961669922,404.16117431640623,451.40262166323606,418.5931643610707,77.96513956110331
2025-05-28,457.3599853515625,462.5199890136719,456.9299926757813,461.2200012207031,17086300,455.22099609375,405.54861938476563,452.4857786974772,420.1134318508939,73.11072036250148
2025-05-29,458.6799926757813,461.7200012207031,455.30999755859375,461.5499877929687,13974800,455.87799682617185,407.0658752441406,453.6119994208052,421.6258460008895,71.23968249140844
2025-05-30,460.3599853515625,461.6799926757813,455.5400085449219,459.7200012207031,34770500,456.6009948730469,408.53088806152346,454.8389059536701,423.1448318577787,71.86823046163603
2025-06-02,461.9700012207031,462.1099853515625,456.8900146484375,457.1400146484375,16626500,457.37099609375,410.047666015625,456.1354687294943,424.66738751906985,65.96176300781931
2025-06-03,462.9700012207031,464.1400146484375,460.8599853515625,461.4700012207031,15743800,457.78099670410154,411.49620544433594,457.3781110006231,426.16945080148685,66.93089416560294
2025-06-04,463.8699951171875,465.69000244140625,463.0199890136719,464.0,14162700,458.3509948730469,412.92641174316407,458.55845356727116,427.6479035197496,64.56167452152857
2025-06-05,467.6799926757813,469.6499938964844,464.0299987792969,464.9599914550781,20131700,459.86199340820315,414.3912939453125,460.2169152233639,429.21778936900574,66.85197307496007
2025-06-06,470.3800048828125,473.3399963378906,468.7799987792969,470.0899963378906,15285600,461.41399536132815,416.0137860107422,462.0647497069,430.83199389895896,68.00806160551213
2025-06-09,472.75,473.4299926757813,468.6199951171875,469.7000122070313,16469900,463.67099609375,417.6715008544922,464.0075224874636,432.4758372754704,66.32941750919119
2025-06-10,470.9200134277344,472.7999877929687,466.9599914550781,471.19000244140625,15375900,464.6939971923828,419.5277844238281,465.26433902205827,433.98345202653957,64.61150420936889
2025-06-11,472.6199951171875,475.4700012207031,469.6600036621094,470.0199890136719,16399200,466.2199981689453,421.48614196777345,466.6017310393545,435.49861057911403,75.23281858738812
2025-06-12,478.8699951171875,480.4200134277344,473.5199890136719,475.0199890136719,18950600,468.23899841308594,423.4337487792969,468.8323245080514,437.1994491884503,77.4776933210584
2025-06-13,474.9599914550781,479.1799926757813,472.760009765625,476.4100036621094,16814500,469.6989990234375,425.3041534423828,469.9464457711471,438.6802547675337,78.86765031075728
2025-06-16,479.1400146484375,480.69000244140625,475.0,475.2099914550781,15626100,471.41600036621094,427.43842834472656,471.61800374883626,440.26691201776526,75.21180468097103
2025-06-17,478.0400085449219,478.739990234375,474.0799865722656,475.3999938964844,15414100,472.9230010986328,429.8156164550781,472.78564098448817,441.748209920791,80.0931514003352
2025-06-18,480.239990234375,481.0,474.4599914550781,478.0,17526500,474.56000061035155,432.27633178710937,474.1409772117403,443.2576915017159,80.59024337861895
2025-06-20,477.3999938964844,483.4599914550781,476.8699951171875,482.2300109863281,37576200,475.53200073242186,434.7461260986328,474.73352569987554,444.5966053211186,73.40660906892028
2025-06-23,486.0,487.75,472.510009765625,478.2099914550781,24864000,477.0940002441406,436.67063781738284,476.7819755726254,446.2202678575453,77.69072086639288
2025-06-24,490.1099853515625,491.8500061035156,486.7999877929687,488.9500122070313,22305600,478.8299987792969,438.85981384277346,479.20525007788666,447.9414332494676,79.18279778776946
2025-06-25,492.2699890136719,494.55999755859375,489.3900146484375,492.0400085449219,17495100,480.9649963378906,440.95044982910156,481.5806571571203,449.67980798531875,79.73199982875389
2025-06-26,497.4500122070313,498.0400085449219,492.80999755859375,492.9800109863281,21578900,483.447998046875,443.15746337890624,484.4659944389223,451.5531493273467,80.29718763743158
2025-06-27,495.94000244140625,499.2999877929687,493.0299987792969,497.5499877929687,34539200,485.1549987792969,445.37580017089846,486.5521777121012,453.29381023378045,76.65831899970584
2025-06-30,497.4100036621094,500.760009765625,495.3299865722656,497.0400085449219,28369000,487.4,447.905419921875,488.5263278848299,455.0238570348914,76.21173382500527
2025-07-01,492.0499877929687,498.0499877929687,490.9800109863281,496.4700012207031,19945400,488.6909973144531,450.4042987060547,489.1669933226733,456.47586216265915,70.89179212336876
2025-07-02,491.0899963378906,493.5,488.7000122070313,489.989990234375,16319600,489.99599609375,453.0568603515625,489.51663023453096,457.8332791891388,68.53299576012455
2025-07-03,498.8399963378906,500.1300048828125,493.44000244140625,493.80999755859375,13984800,491.8559967041016,455.71070373535156,491.21178770786906,459.4413857439918,69.45254500194112
2025-07-07,497.7200012207031,498.75,495.2300109863281,497.3800048828125,13981600,493.88799743652345,458.19102478027344,492.39509925565704,460.94250791954914,73.4445729805854
2025-07-08,496.6199951171875,498.2000122070313,494.1099853515625,497.239990234375,11846600,494.9499969482422,460.3916192626953,493.16326213957166,462.3416250645546,69.22566214251282
2025-07-09,503.510009765625,506.7799987792969,499.739990234375,500.2999877929687,18659500,496.2899993896484,462.63918029785157,495.0444889806722,463.9560715234201,74.84876688216525
2025-07-10,501.4800109863281,504.44000244140625,497.75,503.0499877929687,16492100,497.21100158691405,464.85991638183594,496.21458389079146,465.42759856118124,70.7909171455695
2025-07-11,503.3200073242187,505.0299987792969,497.7999877929687,498.4700012207031,16459500,497.7980010986328,467.05995788574216,497.50647906050546,466.913575375418,75.87858305459451
2025-07-14,503.0199890136719,503.9700012207031,501.0299987792969,501.5199890136719,12058800,498.50599975585936,469.2296435546875,498.5089354156266,468.32951316515346,70.36855510650093
2025-07-15,505.8200073242187,508.2999877929687,502.7900085449219,503.0199890136719,14873272,499.3470001220703,470.8536346435547,499.83822121718873,469.79972862237173,69.40942174336634
